{
    "loss": 0.13137631118297577,
    "accuracy": 0.9568345546722412
}